<?xml version="1.0" encoding="UTF-8"?>
<project-private xmlns="http://www.netbeans.org/ns/project-private/1">
    <editor-bookmarks xmlns="http://www.netbeans.org/ns/editor-bookmarks/2" lastBookmarkId="0"/>
    <open-files xmlns="http://www.netbeans.org/ns/projectui-open-files/2">
        <group>
            <file>file:/Users/villel/Sites/jjconsulting/src/AppBundle/Controller/DefaultController.php</file>
            <file>file:/Users/villel/Sites/jjconsulting/app/Resources/views/Default/404.html.twig</file>
            <file>file:/Users/villel/Sites/jjconsulting/src/AppBundle/Controller/CompanyController.php</file>
            <file>file:/Users/villel/Sites/jjconsulting/src/AppBundle/Controller/AdminController.php</file>
            <file>file:/Users/villel/Sites/jjconsulting/src/AppBundle/Controller/RegistrationController.php</file>
            <file>file:/Users/villel/Sites/jjconsulting/app/Resources/views/Company/search.html.twig</file>
            <file>file:/Users/villel/Sites/jjconsulting/src/AppBundle/Controller/DashboardController.php</file>
            <file>file:/Users/villel/Sites/jjconsulting/app/Resources/views/Default/index.html.twig</file>
            <file>file:/Users/villel/Sites/jjconsulting/app/config/config.yml</file>
            <file>file:/Users/villel/Sites/jjconsulting/app/Resources/views/Emails/passwordReset.html.twig</file>
        </group>
    </open-files>
</project-private>
